{
  "version": 2,
  "builds": [
    {
      "src": "package.json",
      "use": "@vercel/static-build",
      "config": {
        "zeroConfig": true
      }
    }
  ],
  "routes": [
    {
      "src": "^/sitemap.xml",
      "dest": "/sitemap.xml"
    },
    {
      "src": "^/robots.txt",
      "dest": "/robots.txt"
    },
    {
      "src": "^/favicon.ico",
      "dest": "/favicon.ico"
    },
    {
      "src": "^/assets/(.*)",
      "dest": "/assets/$1"
    },
    {
      "src": "/(.*)",
      "dest": "/index.html"
    }
  ]
}